INSERT INTO assets (code, name, price)
VALUES
    ('MGLU3', 'Magazine Luiza', 2.98),
    ('VIIA3', 'Via', 1.96),
    ('HAPV3', 'Hapvida', 4.34),
    ('PETR4', 'Petrobras', 29.17),
    ('B3SA3', 'B3', 14.25),
    ('JBSS3', 'JBS', 18.80),
    ('VALE3', 'Vale', 67.05),
    ('BBDC4', 'Banco Bradesco', 16.15),
    ('CIEL3', 'Cielo', 4.52),
    ('ITUB4', 'Itaú Unibanco', 28.27),
    ('BRFS3', 'BRF', 9.66),
    ('ABEV3', 'Ambev', 14.69),
    ('LREN3', 'Lojas Renner', 18.57),
    ('RAIL3', 'Rumo', 22.64),
    ('HBSA3', 'Hidrovias do Brasil', 3.46),
    ('AMER3', 'Americanas', 1.14),
    ('CBAV3', 'CBA', 5.03),
    ('PRIO3', 'PetroRio', 41.55),
    ('IFCM3', 'Infracommerce', 1.94),
    ('COGN3', 'Cogna', 3.17),
    ('GOLL4', 'GOL', 10.90),
    ('CVCB3', 'CVC', 3.19),
    ('PETR3', 'Petrobras', 32.77),
    ('BBAS3', 'Banco do Brasil', 47.56),
    ('AZUL4', 'Azul', 18.57),
    ('MRFG3', 'Marfrig', 7.55),
    ('ELET3', 'Eletrobras', 38.23),
    ('GGBR4', 'Gerdau', 26.91),
    ('SOMA3', 'Grupo Soma', 11.20),
    ('ITSA4', 'Itaúsa', 9.60),
    ('MRVE3', 'MRV', 13.16),
    ('DIRR3', 'Direcional', 20.00),
    ('ENBR3', 'EDP Brasil', 23.73),
    ('CPLE6', 'Copel', 8.04),
    ('ESPA3', 'Espaçolaser', 1.53),
    ('ASAI3', 'Assaí', 13.30),
    ('SEQL3', 'Sequoia Logística', 1.38),
    ('POMO4', 'Marcopolo', 5.05),
    ('USIM5', 'Usiminas', 7.35),
    ('BEEF3', 'Minerva', 9.75),
    ('RENT3', 'Localiza', 70.20),
    ('VAMO3', 'Grupo Vamos', 11.77),
    ('CSAN3', 'Cosan', 19.14),
    ('CEAB3', 'C&A', 5.81),
    ('PETZ3', 'Petz', 6.84),
    ('AMAR3', 'Lojas Marisa', 0.85),
    ('TIMS3', 'TIM', 14.03),
    ('EQTL3', 'Equatorial Energia', 32.95),
    ('CSNA3', 'Siderúrgica Nacional', 12.56),
    ('NTCO3', 'Natura', 16.27),
    ('ECOR3', 'EcoRodovias', 6.40),
    ('CMIN3', 'CSN Mineração', 4.12),
    ('CMIG4', 'CEMIG', 12.49),
    ('RAIZ4', 'Raízen', 4.22),
    ('BBSE3', 'BB Seguridade', 30.74),
    ('RADL3', 'RaiaDrogasil', 28.33),
    ('CYRE3', 'Cyrela', 20.71),
    ('ALPA4', 'Alpargatas', 8.86),
    ('ANIM3', 'Ânima Educação', 4.11),
    ('DXCO3', 'Dexco', 7.79),
    ('VBBR3', 'Vibra Energia', 17.69),
    ('LWSA3', 'Locaweb', 7.91),
    ('BRKM5', 'Braskem', 26.18),
    ('TOTS3', 'Totvs', 29.62),
    ('RDOR3', 'Rede D''Or', 31.53),
    ('CCRO3', 'Grupo CCR', 13.69),
    ('WEGE3', 'WEG', 36.06),
    ('MBLY3', 'Mobly', 4.67),
    ('OIBR3', 'Oi', 1.01),
    ('PCAR3', 'Grupo Pão de Açúcar', 21.37),
    ('RRRP3', '3R Petroleum', 31.63),
    ('UGPA3', 'Ultrapar', 19.27),
    ('SBFG3', 'Grupo SBF', 13.15),
    ('GOAU4', 'Metalúrgica Gerdau', 12.65),
    ('CASH3', 'Méliuz', 7.13),
    ('AERI3', 'Aeris Energy', 1.26),
    ('CRFB3', 'Carrefour Brasil', 18.61);

INSERT INTO users (id, email, password, name, cpf) 
VALUES
    (1, 'Lily@yahoo.org', '25d55ad283aa400af464c76d713c07ad', 'Lily', '12345678910'),
    (2, 'Camila@gov.org', '25d55ad283aa400af464c76d713c07ad', 'Camila', '12345678911'),
    (3, 'Hannah@gmail.com.br', '25d55ad283aa400af464c76d713c07ad', 'Hannah', '12345678912'),
    (4, 'Savannah@hotmail.org', '25d55ad283aa400af464c76d713c07ad', 'Savannah', '12345678913'),
    (5, 'Elijah@gov.com.br', '25d55ad283aa400af464c76d713c07ad', 'Elijah', '12345678914'),
    (6, 'Luna@gov.com.br', '25d55ad283aa400af464c76d713c07ad', 'Luna', '12345678915'),
    (7, 'Nora@terra.org', '25d55ad283aa400af464c76d713c07ad', 'Nora', '12345678916'),
    (8, 'Olivia@gov.com.br', '25d55ad283aa400af464c76d713c07ad', 'Olivia', '12345678917'),
    (9, 'Zoe@terra.net', '25d55ad283aa400af464c76d713c07ad', 'Zoe', '12345678918'),
    (10, 'Claire@yahoo.com', '25d55ad283aa400af464c76d713c07ad', 'Claire', '12345678919'),
    (11, 'Benjamin@gmail.org', '25d55ad283aa400af464c76d713c07ad', 'Benjamin', '12345678920'),
    (12, 'Evelyn@yahoo.com', '25d55ad283aa400af464c76d713c07ad', 'Evelyn', '12345678921'),
    (13, 'Avery@terra.com', '25d55ad283aa400af464c76d713c07ad', 'Avery', '12345678922'),
    (14, 'Sofia@outlook.com.br', '25d55ad283aa400af464c76d713c07ad', 'Sofia', '12345678923'),
    (15, 'Emily@yahoo.com.br', '25d55ad283aa400af464c76d713c07ad', 'Emily', '12345678924'),
    (16, 'Mila@gov.com', '25d55ad283aa400af464c76d713c07ad', 'Mila', '12345678925'),
    (17, 'Charlie@hotmail.com.br', '25d55ad283aa400af464c76d713c07ad', 'Charlie', '12345678926'),
    (18, 'James@terra.net', '25d55ad283aa400af464c76d713c07ad', 'James', '12345678927'),
    (19, 'Sofia@hotmail.org', '25d55ad283aa400af464c76d713c07ad', 'Sofia', '12345678928'),
    (20, 'Ellie@outlook.com', '25d55ad283aa400af464c76d713c07ad', 'Ellie', '12345678929'),
    (21, 'Aurora@yahoo.com.br', '25d55ad283aa400af464c76d713c07ad', 'Aurora', '12345678930'),
    (22, 'Skylar@outlook.com', '25d55ad283aa400af464c76d713c07ad', 'Skylar', '12345678931'),
    (23, 'Taylor@hotmail.com.br', '25d55ad283aa400af464c76d713c07ad', 'Taylor', '12345678932'),
    (24, 'Grace@gov.net', '25d55ad283aa400af464c76d713c07ad', 'Grace', '12345678933'),
    (25, 'Sebastian@yahoo.org', '25d55ad283aa400af464c76d713c07ad', 'Sebastian', '12345678934'),
    (26, 'Samantha@gmail.com', '25d55ad283aa400af464c76d713c07ad', 'Samantha', '12345678935'),
    (27, 'Lily1@yahoo.org', '25d55ad283aa400af464c76d713c07ad', 'Lily', '12345678936'),
    (28, 'Charlie@yahoo.net', '25d55ad283aa400af464c76d713c07ad', 'Charlie', '12345678937'),
    (29, 'Liam@gov.net', '25d55ad283aa400af464c76d713c07ad', 'Liam', '12345678938'),
    (30, 'Taylor@outlook.net', '25d55ad283aa400af464c76d713c07ad', 'Taylor', '12345678939'),
    (31, 'Emily@outlook.net', '25d55ad283aa400af464c76d713c07ad', 'Emily', '12345678940'),
    (32, 'Evelyn@gov.com.br', '25d55ad283aa400af464c76d713c07ad', 'Evelyn', '12345678941'),
    (33, 'Amelia@outlook.net', '25d55ad283aa400af464c76d713c07ad', 'Amelia', '12345678942'),
    (34, 'Bella@yahoo.com', '25d55ad283aa400af464c76d713c07ad', 'Bella', '12345678943'),
    (35, 'Claire@gov.net', '25d55ad283aa400af464c76d713c07ad', 'Claire', '12345678944'),
    (36, 'Natalie@yahoo.com', '25d55ad283aa400af464c76d713c07ad', 'Natalie', '12345678945'),
    (37, 'Daniel@hotmail.com', '25d55ad283aa400af464c76d713c07ad', 'Daniel', '12345678946'),
    (38, 'Hannah@terra.com.br', '25d55ad283aa400af464c76d713c07ad', 'Hannah', '12345678947'),
    (39, 'Emma@terra.net', '25d55ad283aa400af464c76d713c07ad', 'Emma', '12345678948'),
    (40, 'Noah@gmail.net', '25d55ad283aa400af464c76d713c07ad', 'Noah', '12345678949'),
    (41, 'Lily@hotmail.net', '25d55ad283aa400af464c76d713c07ad', 'Lily', '12345678950'),
    (42, 'Julia@terra.com', '25d55ad283aa400af464c76d713c07ad', 'Julia', '12345678951'),
    (43, 'Eleanor@gov.net', '25d55ad283aa400af464c76d713c07ad', 'Eleanor', '12345678952'),
    (44, 'Gabriel@outlook.org', '25d55ad283aa400af464c76d713c07ad', 'Gabriel', '12345678953'),
    (45, 'Victoria@gov.net', '25d55ad283aa400af464c76d713c07ad', 'Victoria', '12345678954'),
    (46, 'Ethan@hotmail.org', '25d55ad283aa400af464c76d713c07ad', 'Ethan', '12345678955'),
    (47, 'Daniel@outlook.com', '25d55ad283aa400af464c76d713c07ad', 'Daniel', '12345678956'),
    (48, 'Grace@terra.net', '25d55ad283aa400af464c76d713c07ad', 'Grace', '12345678957'),
    (49, 'Amelia@hotmail.com', '25d55ad283aa400af464c76d713c07ad', 'Amelia', '12345678958'),
    (50, 'Stella@outlook.com', '25d55ad283aa400af464c76d713c07ad', 'Stella', '12345678959'),
    (51, 'Ella@terra.net', '25d55ad283aa400af464c76d713c07ad', 'Ella', '12345678960'),
    (52, 'Ella@gmail.com', '25d55ad283aa400af464c76d713c07ad', 'Ella', '12345678961'),
    (53, 'Liam@gov.org', '25d55ad283aa400af464c76d713c07ad', 'Liam', '12345678962'),
    (54, 'Noah@hotmail.com.br', '25d55ad283aa400af464c76d713c07ad', 'Noah', '12345678963'),
    (55, 'Evelyn@gmail.com.br', '25d55ad283aa400af464c76d713c07ad', 'Evelyn', '12345678964'),
    (56, 'Ellie@outlook.net', '25d55ad283aa400af464c76d713c07ad', 'Ellie', '12345678965'),
    (57, 'Grace@gov.org', '25d55ad283aa400af464c76d713c07ad', 'Grace', '12345678966'),
    (58, 'Liam@yahoo.com', '25d55ad283aa400af464c76d713c07ad', 'Liam', '12345678967'),
    (59, 'Nora@gmail.com', '25d55ad283aa400af464c76d713c07ad', 'Nora', '12345678968'),
    (60, 'Harper@gmail.net', '25d55ad283aa400af464c76d713c07ad', 'Harper', '12345678969'),
    (61, 'Sophia@hotmail.com.br', '25d55ad283aa400af464c76d713c07ad', 'Sophia', '12345678970'),
    (62, 'Mason@gmail.com.br', '25d55ad283aa400af464c76d713c07ad', 'Mason', '12345678971'),
    (63, 'Emma@outlook.net', '25d55ad283aa400af464c76d713c07ad', 'Emma', '12345678972'),
    (64, 'James@terra.org', '25d55ad283aa400af464c76d713c07ad', 'James', '12345678973'),
    (65, 'Sophia@gov.net', '25d55ad283aa400af464c76d713c07ad', 'Sophia', '12345678974'),
    (66, 'Oliver@yahoo.com.br', '25d55ad283aa400af464c76d713c07ad', 'Oliver', '12345678975'),
    (67, 'Avery@hotmail.com.br', '25d55ad283aa400af464c76d713c07ad', 'Avery', '12345678976'),
    (68, 'Mila@gov.org', '25d55ad283aa400af464c76d713c07ad', 'Mila', '12345678977'),
    (69, 'Ella@yahoo.com', '25d55ad283aa400af464c76d713c07ad', 'Ella', '12345678978'),
    (70, 'Aria@gmail.net', '25d55ad283aa400af464c76d713c07ad', 'Aria', '12345678979'),
    (71, 'Luna@hotmail.com', '25d55ad283aa400af464c76d713c07ad', 'Luna', '12345678980'),
    (72, 'Nathan@gov.net', '25d55ad283aa400af464c76d713c07ad', 'Nathan', '12345678981'),
    (73, 'Harper@terra.net', '25d55ad283aa400af464c76d713c07ad', 'Harper', '12345678982'),
    (74, 'Mila@hotmail.com.br', '25d55ad283aa400af464c76d713c07ad', 'Mila', '12345678983'),
    (75, 'Avery@gov.org', '25d55ad283aa400af464c76d713c07ad', 'Avery', '12345678984'),
    (76, 'Charlotte@yahoo.com.br', '25d55ad283aa400af464c76d713c07ad', 'Charlotte', '12345678985'),
    (77, 'Liam@gmail.org', '25d55ad283aa400af464c76d713c07ad', 'Liam', '12345678986'),
    (78, 'Hannah@outlook.net', '25d55ad283aa400af464c76d713c07ad', 'Hannah', '12345678987'),
    (79, 'Abigail@outlook.net', '25d55ad283aa400af464c76d713c07ad', 'Abigail', '12345678988'),
    (80, 'Sophia@gmail.net', '25d55ad283aa400af464c76d713c07ad', 'Sophia', '12345678989'),
    (81, 'Victoria@outlook.net', '25d55ad283aa400af464c76d713c07ad', 'Victoria', '12345678990'),
    (82, 'Ethan@gov.com.br', '25d55ad283aa400af464c76d713c07ad', 'Ethan', '12345678991'),
    (83, 'Lucas@outlook.com.br', '25d55ad283aa400af464c76d713c07ad', 'Lucas', '12345678992'),
    (84, 'Aiden@yahoo.com', '25d55ad283aa400af464c76d713c07ad', 'Aiden', '12345678993'),
    (85, 'Harper@hotmail.com.br', '25d55ad283aa400af464c76d713c07ad', 'Harper', '12345678994'),
    (86, 'Eleanor@hotmail.org', '25d55ad283aa400af464c76d713c07ad', 'Eleanor', '12345678995'),
    (87, 'Aria@gmail.com', '25d55ad283aa400af464c76d713c07ad', 'Aria', '12345678996'),
    (88, 'Noah@terra.org', '25d55ad283aa400af464c76d713c07ad', 'Noah', '12345678997'),
    (89, 'Sebastian@gov.com.br', '25d55ad283aa400af464c76d713c07ad', 'Sebastian', '12345678998'),
    (90, 'Ella@hotmail.org', '25d55ad283aa400af464c76d713c07ad', 'Ella', '12345678999'),
    (91, 'Charlotte@gov.com.br', '25d55ad283aa400af464c76d713c07ad', 'Charlotte', '12345679000'),
    (92, 'Ethan@gmail.com', '25d55ad283aa400af464c76d713c07ad', 'Ethan', '12345679001'),
    (93, 'Emma@yahoo.com.br', '25d55ad283aa400af464c76d713c07ad', 'Emma', '12345679002'),
    (94, 'Ava@gmail.org', '25d55ad283aa400af464c76d713c07ad', 'Ava', '12345679003'),
    (95, 'Sophia@hotmail.net', '25d55ad283aa400af464c76d713c07ad', 'Sophia', '12345679004'),
    (96, 'Liam@yahoo.net', '25d55ad283aa400af464c76d713c07ad', 'Liam', '12345679005'),
    (97, 'Evelyn@gmail.net', '25d55ad283aa400af464c76d713c07ad', 'Evelyn', '12345679006'),
    (98, 'Emily@outlook.org', '25d55ad283aa400af464c76d713c07ad', 'Emily', '12345679007'),
    (99, 'Mia@terra.com.br', '25d55ad283aa400af464c76d713c07ad', 'Mia', '12345679008'),
    (100, 'Avery@outlook.com.br', '25d55ad283aa400af464c76d713c07ad', 'Avery', '12345679009');


INSERT INTO accounts (id, branch, amount, user_id)
VALUES
    (1, '0001', 975.02, 1),
    (2, '0001', 846.18, 2),
    (3, '0001', 1000.00, 3),
    (4, '0001', 938.98, 4),
    (5, '0001', 1000.00, 5),
    (6, '0001', 931.60, 6),
    (7, '0001', 954.43, 7),
    (8, '0001', 889.25, 8),
    (9, '0001', 986.32, 9),
    (10, '0001', 998.06, 10),
    (11, '0001', 981.39, 11),
    (12, '0001', 1000.00, 12),
    (13, '0001', 964.65, 13),
    (14, '0001', 1000.00, 14),
    (15, '0001', 897.04, 15),
    (16, '0001', 1000.00, 16),
    (17, '0001', 978.30, 17),
    (18, '0001', 1000.00, 18),
    (19, '0001', 985.92, 19),
    (20, '0001', 1000.00, 20),
    (21, '0001', 1000.00, 21),
    (22, '0001', 976.27, 22),
    (23, '0001', 972.64, 23),
    (24, '0001', 956.40, 24),
    (25, '0001', 844.51, 25),
    (26, '0001', 963.57, 26),
    (27, '0001', 878.03, 27),
    (28, '0001', 1000.00, 28),
    (29, '0001', 668.83, 29),
    (30, '0001', 1000.00, 30),
    (31, '0001', 1000.00, 31),
    (32, '0001', 951.55, 32),
    (33, '0001', 1000.00, 33),
    (34, '0001', 943.34, 34),
    (35, '0001', 949.38, 35),
    (36, '0001', 899.38, 36),
    (37, '0001', 1000.00, 37),
    (38, '0001', 997.98, 38),
    (39, '0001', 978.61, 39),
    (40, '0001', 994.95, 40),
    (41, '0001', 893.47, 41),
    (42, '0001', 962.56, 42),
    (43, '0001', 1000.00, 43),
    (44, '0001', 984.42, 44),
    (45, '0001', 1000.00, 45),
    (46, '0001', 994.48, 46),
    (47, '0001', 1000.00, 47),
    (48, '0001', 964.56, 48),
    (49, '0001', 908.99, 49),
    (50, '0001', 1000.00, 50),
    (51, '0001', 996.97, 51),
    (52, '0001', 891.50, 52),
    (53, '0001', 1000.00, 53),
    (54, '0001', 993.08, 54),
    (55, '0001', 842.32, 55),
    (56, '0001', 950.07, 56),
    (57, '0001', 865.90, 57),
    (58, '0001', 1000.00, 58),
    (59, '0001', 1000.00, 59),
    (60, '0001', 633.49, 60),
    (61, '0001', 819.52, 61),
    (62, '0001', 949.76, 62),
    (63, '0001', 1000.00, 63),
    (64, '0001', 952.70, 64),
    (65, '0001', 1000.00, 65),
    (66, '0001', 987.32, 66),
    (67, '0001', 1000.00, 67),
    (68, '0001', 981.32, 68),
    (69, '0001', 1000.00, 69),
    (70, '0001', 991.96, 70),
    (71, '0001', 785.70, 71),
    (72, '0001', 1000.00, 72),
    (73, '0001', 859.35, 73),
    (74, '0001', 968.84, 74),
    (75, '0001', 1000.00, 75),
    (76, '0001', 891.15, 76),
    (77, '0001', 984.28, 77),
    (78, '0001', 898.44, 78),
    (79, '0001', 868.92, 79),
    (80, '0001', 992.24, 80),
    (81, '0001', 1000.00, 81),
    (82, '0001', 947.36, 82),
    (83, '0001', 1000.00, 83),
    (84, '0001', 1000.00, 84),
    (85, '0001', 1000.00, 85),
    (86, '0001', 1000.00, 86),
    (87, '0001', 772.27, 87),
    (88, '0001', 996.12, 88),
    (89, '0001', 917.04, 89),
    (90, '0001', 913.34, 90),
    (91, '0001', 986.31, 91),
    (92, '0001', 1000.00, 92),
    (93, '0001', 943.00, 93),
    (94, '0001', 959.14, 94),
    (95, '0001', 965.47, 95),
    (96, '0001', 890.36, 96),
    (97, '0001', 943.88, 97),
    (98, '0001', 897.10, 98),
    (99, '0001', 962.80, 99),
    (100, '0001', 971.60, 100);


INSERT INTO users_assets (user_id, asset_code, quantity)
VALUES
  (1, 'CMIG4', 2),
  (2, 'ABEV3', 2),
  (2, 'IFCM3', 4),
  (2, 'PETR4', 4),
  (4, 'CIEL3', 3),
  (4, 'ENBR3', 2),
  (4, 'ESPA3', 0),
  (6, 'BBAS3', 0),
  (6, 'CBAV3', 2),
  (6, 'PETR4', 2),
  (7, 'BBSE3', 0),
  (7, 'COGN3', 3),
  (7, 'WEGE3', 1),
  (8, 'CYRE3', 4),
  (8, 'DIRR3', 1),
  (8, 'LWSA3', 1),
  (9, 'PETZ3', 2),
  (10, 'IFCM3', 1),
  (11, 'CRFB3', 1),
  (11, 'MRVE3', 0),
  (12, 'MRFG3', 0),
  (12, 'USIM5', 0),
  (13, 'AERI3', 4),
  (13, 'AMAR3', 4),
  (13, 'GGBR4', 1),
  (15, 'CBAV3', 4),
  (15, 'CYRE3', 4),
  (17, 'HAPV3', 1),
  (19, 'ANIM3', 2),
  (19, 'IFCM3', 1),
  (19, 'VIIA3', 2),
  (22, 'ENBR3', 1),
  (22, 'GGBR4', 0),
  (22, 'HAPV3', 0),
  (23, 'PETZ3', 4),
  (24, 'GOLL4', 4),
  (25, 'CBAV3', 3),
  (25, 'RENT3', 2),
  (26, 'CASH3', 4),
  (26, 'LWSA3', 1),
  (27, 'ALPA4', 4),
  (27, 'SBFG3', 3),
  (27, 'VAMO3', 4),
  (29, 'CRFB3', 2),
  (29, 'RENT3', 4),
  (29, 'SBFG3', 1),
  (32, 'BBDC4', 3),
  (34, 'CSAN3', 0),
  (34, 'RADL3', 2),
  (35, 'BBDC4', 0),
  (35, 'BEEF3', 3),
  (35, 'PCAR3', 1),
  (36, 'B3SA3', 2),
  (36, 'POMO4', 0),
  (36, 'WEGE3', 2),
  (38, 'OIBR3', 2),
  (39, 'CASH3', 3),
  (40, 'POMO4', 1),
  (41, 'MRVE3', 3),
  (41, 'VALE3', 1),
  (42, 'CPLE6', 1),
  (42, 'USIM5', 4),
  (44, 'DXCO3', 2),
  (46, 'SEQL3', 4),
  (47, 'HBSA3', 0),
  (48, 'ALPA4', 4),
  (48, 'CEAB3', 0),
  (48, 'ECOR3', 0),
  (49, 'CCRO3', 0),
  (49, 'LWSA3', 1),
  (49, 'PRIO3', 2),
  (51, 'OIBR3', 3),
  (52, 'BEEF3', 3),
  (52, 'BRKM5', 1),
  (52, 'VBBR3', 3),
  (54, 'HBSA3', 2),
  (55, 'CASH3', 4),
  (55, 'CPLE6', 2),
  (55, 'ITUB4', 4),
  (56, 'ANIM3', 3),
  (56, 'ENBR3', 0),
  (56, 'JBSS3', 2),
  (57, 'VALE3', 2),
  (59, 'BRFS3', 0),
  (59, 'CSNA3', 0),
  (60, 'ASAI3', 0),
  (60, 'PETR3', 3),
  (60, 'VALE3', 4),
  (61, 'CRFB3', 3),
  (61, 'PRIO3', 2),
  (62, 'CSNA3', 4),
  (64, 'B3SA3', 2),
  (64, 'JBSS3', 1),
  (66, 'COGN3', 4),
  (68, 'BRKM5', 0),
  (68, 'MBLY3', 4),
  (70, 'CPLE6', 1),
  (70, 'CYRE3', 0),
  (71, 'SBFG3', 1),
  (71, 'VALE3', 3),
  (72, 'CASH3', 0),
  (73, 'BRKM5', 0),
  (73, 'CYRE3', 4),
  (73, 'UGPA3', 3),
  (74, 'DXCO3', 4),
  (76, 'DXCO3', 3),
  (76, 'PCAR3', 4),
  (77, 'ESPA3', 2),
  (77, 'RAIZ4', 3),
  (78, 'CIEL3', 2),
  (78, 'CRFB3', 4),
  (79, 'ANIM3', 0),
  (79, 'PETR3', 4),
  (80, 'GOAU4', 0),
  (80, 'IFCM3', 4),
  (82, 'CVCB3', 0),
  (82, 'MRVE3', 4),
  (87, 'ALPA4', 3),
  (87, 'VALE3', 3),
  (88, 'CRFB3', 0),
  (88, 'IFCM3', 2),
  (89, 'AZUL4', 4),
  (89, 'HAPV3', 2),
  (90, 'CCRO3', 3),
  (90, 'CSNA3', 3),
  (90, 'LWSA3', 1),
  (91, 'CCRO3', 1),
  (92, 'ELET3', 0),
  (93, 'B3SA3', 4),
  (93, 'NTCO3', 0),
  (94, 'EQTL3', 1),
  (94, 'LWSA3', 1),
  (95, 'MRVE3', 1),
  (95, 'PCAR3', 1),
  (96, 'BBSE3', 3),
  (96, 'BRFS3', 1),
  (96, 'IFCM3', 4),
  (97, 'TIMS3', 4),
  (98, 'BBSE3', 2),
  (98, 'CYRE3', 2),
  (99, 'ABEV3', 1),
  (99, 'BEEF3', 1),
  (99, 'CVCB3', 4),
  (100, 'ASAI3', 1),
  (100, 'MRFG3', 2);

INSERT INTO orders (user_id, asset_code, quantity, unity_value, total_amount, created_at)
VALUES
    (1, 'CMIG4', 2, 12.49, 24.98, DATE_SUB(CURRENT_TIMESTAMP, INTERVAL FLOOR(RAND() * 30) DAY)),
    (2, 'ABEV3', 2, 14.69, 29.38, DATE_SUB(CURRENT_TIMESTAMP, INTERVAL FLOOR(RAND() * 30) DAY)),
    (2, 'PETR4', 4, 29.17, 116.68, DATE_SUB(CURRENT_TIMESTAMP, INTERVAL FLOOR(RAND() * 30) DAY)),
    (2, 'IFCM3', 4, 1.94, 7.76, DATE_SUB(CURRENT_TIMESTAMP, INTERVAL FLOOR(RAND() * 30) DAY)),
    (4, 'ESPA3', 0, 1.53, 0.00, DATE_SUB(CURRENT_TIMESTAMP, INTERVAL FLOOR(RAND() * 30) DAY)),
    (4, 'CIEL3', 3, 4.52, 13.56, DATE_SUB(CURRENT_TIMESTAMP, INTERVAL FLOOR(RAND() * 30) DAY)),
    (4, 'ENBR3', 2, 23.73, 47.46, DATE_SUB(CURRENT_TIMESTAMP, INTERVAL FLOOR(RAND() * 30) DAY)),
    (6, 'PETR4', 2, 29.17, 58.34, DATE_SUB(CURRENT_TIMESTAMP, INTERVAL FLOOR(RAND() * 30) DAY)),
    (6, 'CBAV3', 2, 5.03, 10.06, DATE_SUB(CURRENT_TIMESTAMP, INTERVAL FLOOR(RAND() * 30) DAY)),
    (6, 'BBAS3', 0, 47.56, 0.00, DATE_SUB(CURRENT_TIMESTAMP, INTERVAL FLOOR(RAND() * 30) DAY)),
    (7, 'WEGE3', 1, 36.06, 36.06, DATE_SUB(CURRENT_TIMESTAMP, INTERVAL FLOOR(RAND() * 30) DAY)),
    (7, 'BBSE3', 0, 30.74, 0.00, DATE_SUB(CURRENT_TIMESTAMP, INTERVAL FLOOR(RAND() * 30) DAY)),
    (7, 'COGN3', 3, 3.17, 9.51, DATE_SUB(CURRENT_TIMESTAMP, INTERVAL FLOOR(RAND() * 30) DAY)),
    (8, 'CYRE3', 4, 20.71, 82.84, DATE_SUB(CURRENT_TIMESTAMP, INTERVAL FLOOR(RAND() * 30) DAY)),
    (8, 'DIRR3', 1, 20.00, 20.00, DATE_SUB(CURRENT_TIMESTAMP, INTERVAL FLOOR(RAND() * 30) DAY)),
    (8, 'LWSA3', 1, 7.91, 7.91, DATE_SUB(CURRENT_TIMESTAMP, INTERVAL FLOOR(RAND() * 30) DAY)),
    (9, 'PETZ3', 2, 6.84, 13.68, DATE_SUB(CURRENT_TIMESTAMP, INTERVAL FLOOR(RAND() * 30) DAY)),
    (10, 'IFCM3', 1, 1.94, 1.94, DATE_SUB(CURRENT_TIMESTAMP, INTERVAL FLOOR(RAND() * 30) DAY)),
    (11, 'MRVE3', 0, 13.16, 0.00, DATE_SUB(CURRENT_TIMESTAMP, INTERVAL FLOOR(RAND() * 30) DAY)),
    (11, 'CRFB3', 1, 18.61, 18.61, DATE_SUB(CURRENT_TIMESTAMP, INTERVAL FLOOR(RAND() * 30) DAY)),
    (12, 'MRFG3', 0, 7.55, 0.00, DATE_SUB(CURRENT_TIMESTAMP, INTERVAL FLOOR(RAND() * 30) DAY)),
    (12, 'USIM5', 0, 7.35, 0.00, DATE_SUB(CURRENT_TIMESTAMP, INTERVAL FLOOR(RAND() * 30) DAY)),
    (13, 'AERI3', 4, 1.26, 5.04, DATE_SUB(CURRENT_TIMESTAMP, INTERVAL FLOOR(RAND() * 30) DAY)),
    (13, 'GGBR4', 1, 26.91, 26.91, DATE_SUB(CURRENT_TIMESTAMP, INTERVAL FLOOR(RAND() * 30) DAY)),
    (13, 'AMAR3', 4, 0.85, 3.40, DATE_SUB(CURRENT_TIMESTAMP, INTERVAL FLOOR(RAND() * 30) DAY)),
    (15, 'CBAV3', 4, 5.03, 20.12, DATE_SUB(CURRENT_TIMESTAMP, INTERVAL FLOOR(RAND() * 30) DAY)),
    (15, 'CYRE3', 4, 20.71, 82.84, DATE_SUB(CURRENT_TIMESTAMP, INTERVAL FLOOR(RAND() * 30) DAY)),
    (17, 'HAPV3', 4, 4.34, 17.36, DATE_SUB(CURRENT_TIMESTAMP, INTERVAL FLOOR(RAND() * 30) DAY)),
    (17, 'HAPV3', 1, 4.34, 4.34, DATE_SUB(CURRENT_TIMESTAMP, INTERVAL FLOOR(RAND() * 30) DAY)),
    (19, 'ANIM3', 2, 4.11, 8.22, DATE_SUB(CURRENT_TIMESTAMP, INTERVAL FLOOR(RAND() * 30) DAY)),
    (19, 'IFCM3', 1, 1.94, 1.94, DATE_SUB(CURRENT_TIMESTAMP, INTERVAL FLOOR(RAND() * 30) DAY)),
    (19, 'VIIA3', 2, 1.96, 3.92, DATE_SUB(CURRENT_TIMESTAMP, INTERVAL FLOOR(RAND() * 30) DAY)),
    (22, 'ENBR3', 1, 23.73, 23.73, DATE_SUB(CURRENT_TIMESTAMP, INTERVAL FLOOR(RAND() * 30) DAY)),
    (22, 'HAPV3', 0, 4.34, 0.00, DATE_SUB(CURRENT_TIMESTAMP, INTERVAL FLOOR(RAND() * 30) DAY)),
    (22, 'GGBR4', 0, 26.91, 0.00, DATE_SUB(CURRENT_TIMESTAMP, INTERVAL FLOOR(RAND() * 30) DAY)),
    (23, 'PETZ3', 4, 6.84, 27.36, DATE_SUB(CURRENT_TIMESTAMP, INTERVAL FLOOR(RAND() * 30) DAY)),
    (24, 'GOLL4', 4, 10.90, 43.60, DATE_SUB(CURRENT_TIMESTAMP, INTERVAL FLOOR(RAND() * 30) DAY)),
    (25, 'RENT3', 2, 70.20, 140.40, DATE_SUB(CURRENT_TIMESTAMP, INTERVAL FLOOR(RAND() * 30) DAY)),
    (25, 'CBAV3', 3, 5.03, 15.09, DATE_SUB(CURRENT_TIMESTAMP, INTERVAL FLOOR(RAND() * 30) DAY)),
    (26, 'CASH3', 4, 7.13, 28.52, DATE_SUB(CURRENT_TIMESTAMP, INTERVAL FLOOR(RAND() * 30) DAY)),
    (26, 'LWSA3', 1, 7.91, 7.91, DATE_SUB(CURRENT_TIMESTAMP, INTERVAL FLOOR(RAND() * 30) DAY)),
    (27, 'VAMO3', 4, 11.77, 47.08, DATE_SUB(CURRENT_TIMESTAMP, INTERVAL FLOOR(RAND() * 30) DAY)),
    (27, 'ALPA4', 4, 8.86, 35.44, DATE_SUB(CURRENT_TIMESTAMP, INTERVAL FLOOR(RAND() * 30) DAY)),
    (27, 'SBFG3', 3, 13.15, 39.45, DATE_SUB(CURRENT_TIMESTAMP, INTERVAL FLOOR(RAND() * 30) DAY)),
    (29, 'RENT3', 4, 70.20, 280.80, DATE_SUB(CURRENT_TIMESTAMP, INTERVAL FLOOR(RAND() * 30) DAY)),
    (29, 'SBFG3', 1, 13.15, 13.15, DATE_SUB(CURRENT_TIMESTAMP, INTERVAL FLOOR(RAND() * 30) DAY)),
    (29, 'CRFB3', 2, 18.61, 37.22, DATE_SUB(CURRENT_TIMESTAMP, INTERVAL FLOOR(RAND() * 30) DAY)),
    (32, 'BBDC4', 3, 16.15, 48.45, DATE_SUB(CURRENT_TIMESTAMP, INTERVAL FLOOR(RAND() * 30) DAY)),
    (34, 'CSAN3', 0, 19.14, 0.00, DATE_SUB(CURRENT_TIMESTAMP, INTERVAL FLOOR(RAND() * 30) DAY)),
    (34, 'RADL3', 2, 28.33, 56.66, DATE_SUB(CURRENT_TIMESTAMP, INTERVAL FLOOR(RAND() * 30) DAY)),
    (35, 'PCAR3', 1, 21.37, 21.37, DATE_SUB(CURRENT_TIMESTAMP, INTERVAL FLOOR(RAND() * 30) DAY)),
    (35, 'BBDC4', 0, 16.15, 0.00, DATE_SUB(CURRENT_TIMESTAMP, INTERVAL FLOOR(RAND() * 30) DAY)),
    (35, 'BEEF3', 3, 9.75, 29.25, DATE_SUB(CURRENT_TIMESTAMP, INTERVAL FLOOR(RAND() * 30) DAY)),
    (36, 'B3SA3', 2, 14.25, 28.50, DATE_SUB(CURRENT_TIMESTAMP, INTERVAL FLOOR(RAND() * 30) DAY)),
    (36, 'WEGE3', 2, 36.06, 72.12, DATE_SUB(CURRENT_TIMESTAMP, INTERVAL FLOOR(RAND() * 30) DAY)),
    (36, 'POMO4', 0, 5.05, 0.00, DATE_SUB(CURRENT_TIMESTAMP, INTERVAL FLOOR(RAND() * 30) DAY)),
    (38, 'OIBR3', 2, 1.01, 2.02, DATE_SUB(CURRENT_TIMESTAMP, INTERVAL FLOOR(RAND() * 30) DAY)),
    (39, 'CASH3', 3, 7.13, 21.39, DATE_SUB(CURRENT_TIMESTAMP, INTERVAL FLOOR(RAND() * 30) DAY)),
    (40, 'POMO4', 1, 5.05, 5.05, DATE_SUB(CURRENT_TIMESTAMP, INTERVAL FLOOR(RAND() * 30) DAY)),
    (41, 'MRVE3', 3, 13.16, 39.48, DATE_SUB(CURRENT_TIMESTAMP, INTERVAL FLOOR(RAND() * 30) DAY)),
    (41, 'VALE3', 1, 67.05, 67.05, DATE_SUB(CURRENT_TIMESTAMP, INTERVAL FLOOR(RAND() * 30) DAY)),
    (42, 'CPLE6', 1, 8.04, 8.04, DATE_SUB(CURRENT_TIMESTAMP, INTERVAL FLOOR(RAND() * 30) DAY)),
    (42, 'USIM5', 4, 7.35, 29.40, DATE_SUB(CURRENT_TIMESTAMP, INTERVAL FLOOR(RAND() * 30) DAY)),
    (44, 'DXCO3', 2, 7.79, 15.58, DATE_SUB(CURRENT_TIMESTAMP, INTERVAL FLOOR(RAND() * 30) DAY)),
    (46, 'SEQL3', 4, 1.38, 5.52, DATE_SUB(CURRENT_TIMESTAMP, INTERVAL FLOOR(RAND() * 30) DAY)),
    (47, 'HBSA3', 0, 3.46, 0.00, DATE_SUB(CURRENT_TIMESTAMP, INTERVAL FLOOR(RAND() * 30) DAY)),
    (48, 'ECOR3', 0, 6.40, 0.00, DATE_SUB(CURRENT_TIMESTAMP, INTERVAL FLOOR(RAND() * 30) DAY)),
    (48, 'CEAB3', 0, 5.81, 0.00, DATE_SUB(CURRENT_TIMESTAMP, INTERVAL FLOOR(RAND() * 30) DAY)),
    (48, 'ALPA4', 4, 8.86, 35.44, DATE_SUB(CURRENT_TIMESTAMP, INTERVAL FLOOR(RAND() * 30) DAY)),
    (49, 'LWSA3', 1, 7.91, 7.91, DATE_SUB(CURRENT_TIMESTAMP, INTERVAL FLOOR(RAND() * 30) DAY)),
    (49, 'CCRO3', 0, 13.69, 0.00, DATE_SUB(CURRENT_TIMESTAMP, INTERVAL FLOOR(RAND() * 30) DAY)),
    (49, 'PRIO3', 2, 41.55, 83.10, DATE_SUB(CURRENT_TIMESTAMP, INTERVAL FLOOR(RAND() * 30) DAY)),
    (51, 'OIBR3', 3, 1.01, 3.03, DATE_SUB(CURRENT_TIMESTAMP, INTERVAL FLOOR(RAND() * 30) DAY)),
    (52, 'BEEF3', 3, 9.75, 29.25, DATE_SUB(CURRENT_TIMESTAMP, INTERVAL FLOOR(RAND() * 30) DAY)),
    (52, 'VBBR3', 3, 17.69, 53.07, DATE_SUB(CURRENT_TIMESTAMP, INTERVAL FLOOR(RAND() * 30) DAY)),
    (52, 'BRKM5', 1, 26.18, 26.18, DATE_SUB(CURRENT_TIMESTAMP, INTERVAL FLOOR(RAND() * 30) DAY)),
    (54, 'HBSA3', 2, 3.46, 6.92, DATE_SUB(CURRENT_TIMESTAMP, INTERVAL FLOOR(RAND() * 30) DAY)),
    (55, 'ITUB4', 4, 28.27, 113.08, DATE_SUB(CURRENT_TIMESTAMP, INTERVAL FLOOR(RAND() * 30) DAY)),
    (55, 'CPLE6', 2, 8.04, 16.08, DATE_SUB(CURRENT_TIMESTAMP, INTERVAL FLOOR(RAND() * 30) DAY)),
    (55, 'CASH3', 4, 7.13, 28.52, DATE_SUB(CURRENT_TIMESTAMP, INTERVAL FLOOR(RAND() * 30) DAY)),
    (56, 'ANIM3', 3, 4.11, 12.33, DATE_SUB(CURRENT_TIMESTAMP, INTERVAL FLOOR(RAND() * 30) DAY)),
    (56, 'JBSS3', 2, 18.80, 37.60, DATE_SUB(CURRENT_TIMESTAMP, INTERVAL FLOOR(RAND() * 30) DAY)),
    (56, 'ENBR3', 0, 23.73, 0.00, DATE_SUB(CURRENT_TIMESTAMP, INTERVAL FLOOR(RAND() * 30) DAY)),
    (57, 'VALE3', 2, 67.05, 134.10, DATE_SUB(CURRENT_TIMESTAMP, INTERVAL FLOOR(RAND() * 30) DAY)),
    (59, 'BRFS3', 0, 9.66, 0.00, DATE_SUB(CURRENT_TIMESTAMP, INTERVAL FLOOR(RAND() * 30) DAY)),
    (59, 'CSNA3', 0, 12.56, 0.00, DATE_SUB(CURRENT_TIMESTAMP, INTERVAL FLOOR(RAND() * 30) DAY)),
    (60, 'ASAI3', 0, 13.30, 0.00, DATE_SUB(CURRENT_TIMESTAMP, INTERVAL FLOOR(RAND() * 30) DAY)),
    (60, 'VALE3', 4, 67.05, 268.20, DATE_SUB(CURRENT_TIMESTAMP, INTERVAL FLOOR(RAND() * 30) DAY)),
    (60, 'PETR3', 3, 32.77, 98.31, DATE_SUB(CURRENT_TIMESTAMP, INTERVAL FLOOR(RAND() * 30) DAY)),
    (61, 'CRFB3', 3, 18.61, 55.83, DATE_SUB(CURRENT_TIMESTAMP, INTERVAL FLOOR(RAND() * 30) DAY)),
    (61, 'PRIO3', 1, 41.55, 41.55, DATE_SUB(CURRENT_TIMESTAMP, INTERVAL FLOOR(RAND() * 30) DAY)),
    (61, 'PRIO3', 2, 41.55, 83.10, DATE_SUB(CURRENT_TIMESTAMP, INTERVAL FLOOR(RAND() * 30) DAY)),
    (62, 'CSNA3', 4, 12.56, 50.24, DATE_SUB(CURRENT_TIMESTAMP, INTERVAL FLOOR(RAND() * 30) DAY)),
    (64, 'B3SA3', 2, 14.25, 28.50, DATE_SUB(CURRENT_TIMESTAMP, INTERVAL FLOOR(RAND() * 30) DAY)),
    (64, 'JBSS3', 1, 18.80, 18.80, DATE_SUB(CURRENT_TIMESTAMP, INTERVAL FLOOR(RAND() * 30) DAY)),
    (66, 'COGN3', 4, 3.17, 12.68, DATE_SUB(CURRENT_TIMESTAMP, INTERVAL FLOOR(RAND() * 30) DAY)),
    (68, 'BRKM5', 0, 26.18, 0.00, DATE_SUB(CURRENT_TIMESTAMP, INTERVAL FLOOR(RAND() * 30) DAY)),
    (68, 'MBLY3', 4, 4.67, 18.68, DATE_SUB(CURRENT_TIMESTAMP, INTERVAL FLOOR(RAND() * 30) DAY)),
    (70, 'CPLE6', 1, 8.04, 8.04, DATE_SUB(CURRENT_TIMESTAMP, INTERVAL FLOOR(RAND() * 30) DAY)),
    (70, 'CYRE3', 0, 20.71, 0.00, DATE_SUB(CURRENT_TIMESTAMP, INTERVAL FLOOR(RAND() * 30) DAY)),
    (71, 'SBFG3', 1, 13.15, 13.15, DATE_SUB(CURRENT_TIMESTAMP, INTERVAL FLOOR(RAND() * 30) DAY)),
    (71, 'VALE3', 3, 67.05, 201.15, DATE_SUB(CURRENT_TIMESTAMP, INTERVAL FLOOR(RAND() * 30) DAY)),
    (72, 'CASH3', 0, 7.13, 0.00, DATE_SUB(CURRENT_TIMESTAMP, INTERVAL FLOOR(RAND() * 30) DAY)),
    (73, 'BRKM5', 0, 26.18, 0.00, DATE_SUB(CURRENT_TIMESTAMP, INTERVAL FLOOR(RAND() * 30) DAY)),
    (73, 'CYRE3', 4, 20.71, 82.84, DATE_SUB(CURRENT_TIMESTAMP, INTERVAL FLOOR(RAND() * 30) DAY)),
    (73, 'UGPA3', 3, 19.27, 57.81, DATE_SUB(CURRENT_TIMESTAMP, INTERVAL FLOOR(RAND() * 30) DAY)),
    (74, 'DXCO3', 4, 7.79, 31.16, DATE_SUB(CURRENT_TIMESTAMP, INTERVAL FLOOR(RAND() * 30) DAY)),
    (76, 'PCAR3', 4, 21.37, 85.48, DATE_SUB(CURRENT_TIMESTAMP, INTERVAL FLOOR(RAND() * 30) DAY)),
    (76, 'DXCO3', 3, 7.79, 23.37, DATE_SUB(CURRENT_TIMESTAMP, INTERVAL FLOOR(RAND() * 30) DAY)),
    (77, 'RAIZ4', 3, 4.22, 12.66, DATE_SUB(CURRENT_TIMESTAMP, INTERVAL FLOOR(RAND() * 30) DAY)),
    (77, 'ESPA3', 2, 1.53, 3.06, DATE_SUB(CURRENT_TIMESTAMP, INTERVAL FLOOR(RAND() * 30) DAY)),
    (78, 'CIEL3', 4, 4.52, 18.08, DATE_SUB(CURRENT_TIMESTAMP, INTERVAL FLOOR(RAND() * 30) DAY)),
    (78, 'CIEL3', 2, 4.52, 9.04, DATE_SUB(CURRENT_TIMESTAMP, INTERVAL FLOOR(RAND() * 30) DAY)),
    (78, 'CRFB3', 4, 18.61, 74.44, DATE_SUB(CURRENT_TIMESTAMP, INTERVAL FLOOR(RAND() * 30) DAY)),
    (79, 'PETR3', 4, 32.77, 131.08, DATE_SUB(CURRENT_TIMESTAMP, INTERVAL FLOOR(RAND() * 30) DAY)),
    (79, 'ANIM3', 0, 4.11, 0.00, DATE_SUB(CURRENT_TIMESTAMP, INTERVAL FLOOR(RAND() * 30) DAY)),
    (80, 'GOAU4', 0, 12.65, 0.00, DATE_SUB(CURRENT_TIMESTAMP, INTERVAL FLOOR(RAND() * 30) DAY)),
    (80, 'IFCM3', 4, 1.94, 7.76, DATE_SUB(CURRENT_TIMESTAMP, INTERVAL FLOOR(RAND() * 30) DAY)),
    (82, 'MRVE3', 4, 13.16, 52.64, DATE_SUB(CURRENT_TIMESTAMP, INTERVAL FLOOR(RAND() * 30) DAY)),
    (82, 'CVCB3', 0, 3.19, 0.00, DATE_SUB(CURRENT_TIMESTAMP, INTERVAL FLOOR(RAND() * 30) DAY)),
    (87, 'ALPA4', 3, 8.86, 26.58, DATE_SUB(CURRENT_TIMESTAMP, INTERVAL FLOOR(RAND() * 30) DAY)),
    (87, 'VALE3', 3, 67.05, 201.15, DATE_SUB(CURRENT_TIMESTAMP, INTERVAL FLOOR(RAND() * 30) DAY)),
    (88, 'IFCM3', 2, 1.94, 3.88, DATE_SUB(CURRENT_TIMESTAMP, INTERVAL FLOOR(RAND() * 30) DAY)),
    (88, 'CRFB3', 0, 18.61, 0.00, DATE_SUB(CURRENT_TIMESTAMP, INTERVAL FLOOR(RAND() * 30) DAY)),
    (89, 'AZUL4', 4, 18.57, 74.28, DATE_SUB(CURRENT_TIMESTAMP, INTERVAL FLOOR(RAND() * 30) DAY)),
    (89, 'HAPV3', 2, 4.34, 8.68, DATE_SUB(CURRENT_TIMESTAMP, INTERVAL FLOOR(RAND() * 30) DAY)),
    (90, 'LWSA3', 1, 7.91, 7.91, DATE_SUB(CURRENT_TIMESTAMP, INTERVAL FLOOR(RAND() * 30) DAY)),
    (90, 'CCRO3', 3, 13.69, 41.07, DATE_SUB(CURRENT_TIMESTAMP, INTERVAL FLOOR(RAND() * 30) DAY)),
    (90, 'CSNA3', 3, 12.56, 37.68, DATE_SUB(CURRENT_TIMESTAMP, INTERVAL FLOOR(RAND() * 30) DAY)),
    (91, 'CCRO3', 1, 13.69, 13.69, DATE_SUB(CURRENT_TIMESTAMP, INTERVAL FLOOR(RAND() * 30) DAY)),
    (92, 'ELET3', 0, 38.23, 0.00, DATE_SUB(CURRENT_TIMESTAMP, INTERVAL FLOOR(RAND() * 30) DAY)),
    (93, 'B3SA3', 4, 14.25, 57.00, DATE_SUB(CURRENT_TIMESTAMP, INTERVAL FLOOR(RAND() * 30) DAY)),
    (93, 'NTCO3', 0, 16.27, 0.00, DATE_SUB(CURRENT_TIMESTAMP, INTERVAL FLOOR(RAND() * 30) DAY)),
    (94, 'EQTL3', 1, 32.95, 32.95, DATE_SUB(CURRENT_TIMESTAMP, INTERVAL FLOOR(RAND() * 30) DAY)),
    (94, 'LWSA3', 1, 7.91, 7.91, DATE_SUB(CURRENT_TIMESTAMP, INTERVAL FLOOR(RAND() * 30) DAY)),
    (95, 'PCAR3', 1, 21.37, 21.37, DATE_SUB(CURRENT_TIMESTAMP, INTERVAL FLOOR(RAND() * 30) DAY)),
    (95, 'MRVE3', 1, 13.16, 13.16, DATE_SUB(CURRENT_TIMESTAMP, INTERVAL FLOOR(RAND() * 30) DAY)),
    (96, 'BBSE3', 3, 30.74, 92.22, DATE_SUB(CURRENT_TIMESTAMP, INTERVAL FLOOR(RAND() * 30) DAY)),
    (96, 'BRFS3', 1, 9.66, 9.66, DATE_SUB(CURRENT_TIMESTAMP, INTERVAL FLOOR(RAND() * 30) DAY)),
    (96, 'IFCM3', 4, 1.94, 7.76, DATE_SUB(CURRENT_TIMESTAMP, INTERVAL FLOOR(RAND() * 30) DAY)),
    (97, 'TIMS3', 4, 14.03, 56.12, DATE_SUB(CURRENT_TIMESTAMP, INTERVAL FLOOR(RAND() * 30) DAY)),
    (98, 'CYRE3', 2, 20.71, 41.42, DATE_SUB(CURRENT_TIMESTAMP, INTERVAL FLOOR(RAND() * 30) DAY)),
    (98, 'BBSE3', 2, 30.74, 61.48, DATE_SUB(CURRENT_TIMESTAMP, INTERVAL FLOOR(RAND() * 30) DAY)),
    (99, 'CVCB3', 4, 3.19, 12.76, DATE_SUB(CURRENT_TIMESTAMP, INTERVAL FLOOR(RAND() * 30) DAY)),
    (99, 'BEEF3', 1, 9.75, 9.75, DATE_SUB(CURRENT_TIMESTAMP, INTERVAL FLOOR(RAND() * 30) DAY)),
    (99, 'ABEV3', 1, 14.69, 14.69, DATE_SUB(CURRENT_TIMESTAMP, INTERVAL FLOOR(RAND() * 30) DAY)),
    (100, 'MRFG3', 2, 7.55, 15.10, DATE_SUB(CURRENT_TIMESTAMP, INTERVAL FLOOR(RAND() * 30) DAY)),
    (100, 'ASAI3', 1, 13.30, 13.30, DATE_SUB(CURRENT_TIMESTAMP, INTERVAL FLOOR(RAND() * 30) DAY));